,NAME,DRIVE_DISTANCE,FWY_%,SG_P,SG_OTT,SG_APR,SG_ARG,GIR_Fairway_%,GIR_NotFairway_%,Sand_Save_Pct,avoid_three_putt
0,Patrick Cantlay,1.5077223289787256,-0.7299379027388031,1.1621820548799862,1.6284354822427278,1.6720381569749632,1.480945796546395,0.7804537585825646,1.1558980417298301,0.8335616142520599,-1.3076413610131055
1,Rory McIlroy,2.408330281728669,-0.42557926332069146,0.8554347955152657,3.2560847804132256,1.9044926001435372,1.2187212124455424,0.8976455786537711,0.7818473030211261,0.3501988776557628,-1.3521408722386443
2,Dustin Johnson,2.048087100628693,-1.342532361695003,1.0618441663027411,2.1200074179318045,1.5509681344913309,0.7845460813933111,1.217259633393424,1.839949735121775,2.242266028099486,-1.5153057467322877
3,Webb Simpson,-0.7550551523055107,1.1214156045497081,1.2711203339067094,0.028095736054956483,1.3887343043632638,1.4508544508299037,-0.4553872530774399,-0.22245331049813172,1.8598797536003606,-1.1148101457024358
4,Matt Kuchar,-0.3497815735680334,1.4800547656474847,1.0618441663027411,0.6097891932870304,1.7592085731631786,0.5137239699448894,1.5191173517586578,0.43854046064464564,1.8631904572756781,-0.06165504669801091
5,Brooks Koepka,1.7103591183474642,-0.061124332042953596,-0.013204639882027075,1.1150159049674702,1.6405599511292188,0.234304331148899,1.2705286425167022,1.898875536425202,1.4791488309388943,0.8728346890383095
6,Adam Scott,0.640887174456906,-0.17162396546226805,1.2453191625582751,1.0412801146141086,1.7664727745121964,1.983901146379178,1.1639906242701512,0.45391240881075734,0.9560576502387917,1.2436639492511352
7,Justin Rose,1.2713127413818628,-0.7997271448983714,2.174161331101915,0.6698702076490286,1.175651064792071,0.3417734229935107,0.18384085640187103,-1.060224485551188,1.86153510543802,-1.767469643677009
8,Justin Thomas,0.8885543614631393,-0.10377331336268876,-0.9936491511225358,1.24883270968283,2.1684252491578553,1.489543323893964,2.392729101380382,1.3813532814994605,0.14327989794844395,0.9173342002638484
9,Jim Furyk,-2.0609366837929253,2.4319024851015785,0.7694308910204841,-0.17126399341894677,1.7471015709148152,0.6297905891370703,0.6703644730611268,-1.1037783386885034,0.048924843201906515,-0.5214833293619148
10,Xander Schauffele,1.2037671449256209,-0.2666148784016791,1.1191801026325954,1.511004408717004,0.8947686126300441,0.59110171607301,0.9615683896016998,0.9560627155703871,0.5736713757396673,-0.3434852844597583
11,Hideki Matsuyama,1.2375399431537386,-0.03979984138308601,-0.1880792456880827,1.0576658458037445,2.296759472990505,1.2960989585736629,0.4111219619945155,1.9782972686167748,0.42303435851273863,1.1398317563915443
12,Jon Rahm,1.4401767325224772,-0.10183472330270117,0.6146238629298777,1.9670739268285362,0.5315585451791475,0.5008276789235361,0.3258915473972757,-0.09179175108618778,0.03402667666298017,-0.8923125895747405
13,Paul Casey,0.4495079844975378,1.4626074551075923,-0.46042494325489064,1.8250642565183584,1.5485467340416583,0.7544547356768199,0.21580226187583784,1.77846194245733,-1.5832520687294243,0.027343975753067323
14,Rickie Fowler,1.1812519461068671,-0.2821235988815825,1.2997883020716365,0.6343677900714842,0.6744211717098335,0.6254918254632859,0.2797250728237664,0.6665576917752939,0.5620839128760574,-1.5301389171408006
15,Jason Day,1.0349031537850064,0.15793634473568774,1.0274426045048286,1.6366283478375458,0.27973289841319227,0.19131669441105434,2.1867555994370487,0.17465535045973793,0.3303346556038606,-0.5214833293619148
16,Tommy Fleetwood,0.5395687797725335,0.21803263659531394,0.7722976878369768,1.2652184408724658,0.7228491807032864,1.085459538558224,-0.0008250418921509939,-0.027741967060724817,2.235644620748852,0.36850689514886686
17,Gary Woodland,1.7779047148037062,0.5068825555335236,-0.165144871156141,1.541044915898003,1.5001187250482055,0.315980840950804,2.0198460375174507,0.20796123815297932,-0.38808804193995095,0.2943410431063014
18,Lucas Glover,0.04423440576006698,0.6038120585329221,0.7837648751029478,0.6753321180455739,0.8100195968915017,0.95649662834469,-0.22455488020990855,0.9099468710720521,0.7987992256612302,0.0570103165700934
19,Bryson DeChambeau,0.9223271596912633,1.0109159711303952,1.2309851784758115,1.1450564121484694,0.8584476058849545,-0.260053491336315,-0.5086562622007179,-0.696421712286558,-0.35498100518677944,0.7245029849531791
20,Sergio Garcia,1.1024487502412483,-0.7803412442984914,-0.42602338145697816,0.9675443242607472,2.069147830721277,-0.3933151652236336,-0.23875994930945105,0.043993791047793995,-0.9542183704191756,-1.4114735538726964
21,Tony Finau,2.0255719018099394,-1.309576330675207,-0.05333979531292509,0.8473822955367507,0.5509297487765284,-0.09670047173250518,0.20869972732606912,1.0687903354552013,-0.8979364079387843,-1.4856394059152616
22,Henrik Stenson,-1.0252375381304912,2.100403584843636,-0.013204639882027075,-0.851271837788836,2.8778955809119404,0.10964018460914939,-0.7821038423668666,-1.2754317598767426,-0.816824167893515,-0.38798479568529776
23,Chez Reavie,-0.777570351124258,2.5501564787608446,0.44834964757330004,0.473241433373398,1.3233564922221024,0.1354327666518562,-0.7750013078170979,-0.32749495629989195,0.010851750935760365,-0.5511496701789409
24,Scott Piercy,-0.21469038065554313,1.0613193126900835,0.3537453526290405,0.6944488044334824,0.4177527240445331,0.2944870225818816,0.6668132057862398,0.7229215017177011,0.007541047260442747,0.027343975753067323
25,Sungjae Im,0.06674960457881429,0.6813556609324394,0.5171527711691253,0.9320419066832029,0.20709088492301292,1.1585385210125598,-0.7039759623193955,1.8092058387895533,-0.6512889841276599,0.32400738392332745
26,Graeme McDowell,-0.7663127517148811,0.41576882271408905,2.2056960960833347,-0.9195457177456521,-0.032627759594578885,0.2858894952343126,0.10571297635439998,-0.5401402392644286,0.7011334672393751,-0.8033135671236622
27,Marc Leishman,0.30315919217567705,-0.4372108036806197,0.6690930024432392,-0.10299011346213059,1.2095506710874881,0.5696078977040877,1.0006323296254354,-0.4171646539355404,0.8914989285701094,1.2733302900681613
28,Ryan Palmer,0.39321998745066633,-0.5011842756602225,0.5085523807196471,0.6534844764593927,0.9964674315162954,-1.265964191001881,0.6739157403360085,2.03978506128122,-1.3233618302170318,0.5910044512765621
29,Adam Hadwin,-0.2934935765211619,0.9779599401105993,0.6232242533793557,0.9893919658469283,0.01095744849952873,-1.1971839722213296,0.05954650178089574,0.03886980832575616,0.5223554687722519,0.7690024961787186
30,Talor Gooch,0.33693199040379485,-0.6097453190195493,0.6776933928927174,-0.6273335115304789,1.5219113290952595,-0.5953570578915037,1.5049122826591153,2.0013551908659424,1.354997443114503,0.9915000523064138
31,Russell Knox,-0.5636759623461489,0.7298204124321387,-0.4174229910075,-0.023792412712223803,1.3015638881750484,0.737259680981682,0.37205802197078,0.289944961705572,1.8896760866782143,0.3388405543318408
32,Nate Lashley,-0.664994357030515,0.6716627106325,1.1191801026325954,-0.7283788538665668,1.4880117227998424,-0.13968810847034988,1.2279134352180798,0.6434997695261264,0.18797439756522533,-0.8329799079406882
33,Charles Howell III,0.8660391626443918,0.20640109623538705,0.5572879266000234,0.6944488044334824,-0.06410596544032326,1.6571951071715583,2.1654479957877375,0.21052322951399732,-0.4923752077124401,-0.47698381813637597
34,Louis Oosthuizen,0.22435599631005188,1.2920115298286516,0.399614101692924,0.31211507667531185,-0.4854296436833635,1.9624073280102556,-0.13222193106290006,-0.6759257813984103,1.4410757386727482,-0.7588140558981233
35,Wyndham Clark,2.0706022994474402,-1.4317075044544498,1.9820859443969028,0.12367916799449916,-1.4055618145589686,0.8232349544573714,-0.08605545648939077,1.1840799467010337,0.9063970951090357,-2.227297926340913
36,Peter Malnati,-0.3385239741586629,-1.5790403490135354,1.3083886925211148,-1.0424387016679213,0.7712771896967393,0.41055364177406223,-0.8708855242389932,0.2387051344852009,-0.1348192107781925,-1.6933037916344438
37,Rory Sabbatini,-0.4623575676617764,0.6813556609324394,0.359478946262026,0.713565490821391,-0.1197981757827941,1.1800323393814822,-1.1230255007558307,0.8202771734364054,0.6531282639472773,-0.3583184548682717
38,Daniel Berger,0.5845991774100345,0.6018734684729332,-0.11354252845927212,0.8309965643471148,-0.209389992420682,-0.6082533489128571,-2.2168158214204308,1.1456500762857562,0.7143762819406444,-1.1889759977450012
39,Patrick Reed,0.17932559867255726,-0.4469037539805604,0.3623457430785187,-0.07021865108285881,0.2676258961648291,1.6271037614550672,0.36495548742101125,0.7075495535515893,0.871634706518206,-0.7143145446725839
40,Keegan Bradley,0.6071143762287818,0.7065573317122849,-1.2831956295883,0.3612722702442195,1.897228398794519,-0.48358920237310743,1.0006323296254354,-0.18658543144387232,-0.5801088551083422,1.1398317563915443
41,Jordan Spieth,0.06674960457881429,-1.6081191999133546,1.9878195380298882,-1.2417984311418246,-0.49511524548205404,1.0037830287563192,-0.5725790731486464,0.12341552323936865,0.019128510124052648,-0.06165504669801091
42,Ian Poulter,-0.13588718478992431,0.6193207790128256,0.8439676082492948,0.24930310711504097,-0.1149553748834488,0.38905982340513995,0.4111219619945155,0.059365739213905686,1.3152689990106976,-0.1951535803746286
43,Vaughn Taylor,-1.4305111168679685,1.078766623229973,2.0910242234236263,-0.8895052105646531,0.3136325047086093,-0.2643522550100995,-0.43052838215324685,-1.1498941831868366,0.6779585415121553,-1.3521408722386443
44,Emiliano Grillo,0.23561359571942875,1.0206089214303344,-1.607143669851977,1.046742025010654,2.0521980275735685,-1.2702629546756656,-0.13932446561266879,0.10548158371223895,-0.28380087616746186,1.6886590615065256
45,Denny McCarthy,-0.4398423688430291,0.6406452696726932,2.5439781204294754,0.20833877914095122,-1.1077295592492333,0.02366491113345998,0.23710986552514907,-1.198572019046188,-0.687706724556149,-1.099976975293923
46,Rafa Cabrera Bello,-0.5749335617555194,0.5844261579330408,0.30214300993217164,0.4322771053993083,0.29910410201057347,0.2042129854324077,-0.8140652478408335,-0.9987366928867432,0.12010497222122414,1.080499074757492
47,Abraham Ancer,-0.0908567871524233,1.4063883433679427,-0.0017374526160562123,1.3635328280102812,-0.14885498117886584,-0.34173000113821994,-0.7323861005184754,0.7536653980499226,-0.7770957237897106,0.26467470228927525
48,Kevin Kisner,-0.8226007487617526,1.4684232252875564,0.9586394809090034,0.5387843581319416,0.165927077278578,-0.8532828783185717,-0.7323861005184754,0.06192773057492369,-0.8780721858868821,-1.203809168153514
49,Michael Thompson,-0.8676311463992535,1.4567916849276281,1.1707824453294644,0.04994337764113768,-0.2820320059108613,0.380462296057571,-1.7587023429602597,-1.0884063905223917,0.9544022984011336,-0.26931943241719347
50,Byeong Hun An,1.5752679254349675,-0.7919727846584182,-1.971226865546552,0.8255346539505695,0.7882269928444479,2.6201181700992797,1.139131753345953,0.21308522087501533,0.7772796517716686,-0.0023223650639587544
51,Bud Cauley,-0.10211438656180015,0.002849139936649153,-0.44035736553944177,-0.6601049739097506,0.37416751595042547,2.749081080312814,0.29748140919819577,-0.6759257813984103,1.4841148864518703,-0.3731516252767844
52,Jason Kokrak,1.2713127413818628,0.06100684173628914,-0.3256854928797331,1.3034518136482829,1.8802785956468107,-1.4723048473435356,0.6703644730611268,0.05680374785288586,-0.4013308566412191,0.9766668818979005
53,Harold Varner III,0.9448423585100106,-0.7163677723188873,-0.4145561941910073,0.7053726252265731,-0.1900187888233008,0.21710927645376113,0.5105574456912978,0.4359784692836276,1.0686215751995742,-0.3286521140512456
54,Zach Johnson,-0.8676311463992535,0.6096278287128862,-0.10207534119330125,-0.14122348623794764,0.5824079546222729,0.6340893528108547,-1.6770231956379018,-2.3130382610892437,0.6415408010836674,-0.506650158953402
55,Francesco Molinari,-0.3835543717961576,1.0244861015503097,-0.2941507278983132,0.5524391341233048,0.2046694844733403,0.6598819348535615,-1.304140131774971,0.3949866075073304,2.5137437294754874,-0.7884803967151495
56,Brandt Snedeker,-0.8788887458086241,0.09396287275608499,1.9419507889660048,-0.6327954219270242,-0.3449884176023501,2.3621923496722115,-0.5938866767979577,-0.6349339196221131,1.520532626880358,-0.9961447824343314
57,Tyrrell Hatton,0.2693863939475529,0.004787729996638117,-0.13934369980770656,0.3612722702442195,0.19256248222497713,1.579817361043438,0.02758509630692893,-0.22245331049813172,0.7060995227523509,-1.6339711100003917
58,Kevin Streelman,-0.22594798006491998,1.0710122629900227,-0.7815061867020748,0.9511585930711114,1.0836378477045105,0.42344993279541565,0.6277492657625043,1.2558157048095524,0.12838173140951642,-0.2544862620086801
59,Andrew Putnam,-1.374223119821097,-0.2995709094214735,2.1798949247349,-2.0146587522529837,0.7809627914954299,0.11393894828293383,0.5176599802410665,-0.5785701096797059,1.5586057191465044,-0.610482351812993
60,Jhonattan Vegas,1.4514343319318541,-0.7202449524388638,-0.3342858833292112,1.9643429716302636,-0.010835155547525076,-0.28584607337902185,-0.08960672376427765,2.331852076437331,-0.7290905204976128,0.07184348697860611
61,Matt Every,0.06674960457881429,0.074576972156205,0.06133207734678354,0.15098871997722563,0.11992046873479775,0.1483290576732096,0.9402607859523886,-0.47352846387794756,0.42303435851273863,-0.9813116120258186
62,J.T. Poston,-0.13588718478992431,-0.22978166726190666,0.2820754322167226,-0.051101964694950285,0.32089670605762727,-0.0021276709092468335,-0.6755658241203156,0.3668047025361268,0.26743128577283526,0.5465049400510227
63,Nick Taylor,-0.28223597711179144,-0.24335179768182252,0.91277073184512,0.14552680958068032,-0.33772421625333215,0.06665254787130469,0.7591461549332534,0.15928340229362623,-0.5238268926279521,-0.8626462487577143
64,Joaquin Niemann,0.6971751715037775,-0.1367293443824846,-1.111187820598737,0.7026416700283004,1.010995834214331,0.4406449874905536,0.33299408194704444,0.7459794239668686,0.050580195039564735,-0.29898577323421954
65,Sung Kang,0.5620839785912808,-0.11152767360264047,0.10146723277768155,0.4595866573820348,0.3451107105543538,-0.2815473097052374,0.9970810623505535,-0.5401402392644286,1.0404805939593786,1.0656659043489787
66,Joel Dahmen,-0.28223597711179144,1.3017044801285909,-0.041872608046954224,0.5387843581319416,0.3378465092053358,-1.0381297162913041,-0.2955802257076109,-0.4658424897948917,0.058856954227858194,-0.29898577323421954
67,Troy Merritt,-0.0908567871524233,0.9566354494507318,0.2218726990703756,-0.14122348623794764,0.5581939501255464,1.1112521206009307,0.3045839437479645,0.34630877164797913,-0.06363908175887488,-0.8181467375321756
68,Bubba Watson,2.0706022994474402,-0.7086134120789355,-1.1341221951306788,2.3139052370091626,-0.44426583603892855,-0.4792904386993229,0.4430833674684823,1.3019315493078858,0.23597960085732317,2.8901458645960814
69,Danny Lee,0.8097511655975204,-1.2611115791755079,-0.3658206483106311,-0.04290909910013233,0.5146087420314389,-0.6254484036079949,1.2456697715925091,-0.42485062801859447,0.6034677088175212,1.6293263798724735
70,Aaron Baddeley,-0.8563735469898768,-0.8811479274178652,1.818678525856818,-1.3892700118485477,-0.9600241318192019,1.872133290860782,-0.27427262205829966,-0.42228863665757643,0.6895460043757652,-1.3224745314216182
71,Kevin Tway,1.1474791478787494,-1.1506119457561934,-0.26548275973338603,0.05267433283941033,0.37416751595042547,1.1585385210125598,0.9864272605258978,0.8971369142669602,-0.06363908175887488,-0.46215064772786263
72,Jonas Blixt,-0.5186455647086479,0.3925057419942325,0.33654457173008423,0.017171915261865903,-0.1754903861252649,0.12253647563050278,-0.19614474201082863,-1.1114643127715573,-0.5238268926279521,-1.3373077018301316
73,Hank Lebioda,-0.03456879010555182,0.6445224497926684,-0.7786393898855821,0.29026743508913067,0.6913709748575421,0.6168942981157168,0.05954650178089574,-0.014932010255632953,-1.1429284799122503,1.6293263798724735
74,Billy Horschel,-0.3272663747492861,0.22772558689525463,1.033176198137814,-0.04290909910013233,0.4177527240445331,0.2600969131916059,0.26552000372422896,0.605069899110849,-0.39967550480356084,-0.6401486926300191
75,Dylan Frittelli,0.22435599631005188,-0.29181654918152183,-0.861776497563871,0.6370987452697567,0.40564572179616987,0.5954004797467944,0.556723920264802,1.3224274801960352,-0.4509914117709763,0.3833400655573796
76,Aaron Wise,1.192509545516244,-0.18131691576220735,-0.6209655649784829,1.24883270968283,-0.33772421625333215,0.307383313603235,1.6434117063796332,-0.20964335369303985,-0.5238268926279521,-0.26931943241719347
77,Martin Laird,0.28064399335692336,-0.20845717660203908,0.2992762131156789,-0.24773073897058093,-0.0495775627422874,0.3331758956459418,1.9346156229202112,0.03118383424270031,-0.3152525610829751,0.42783957678291906
78,Cameron Tringale,0.25812879453817605,-0.390684642240908,0.2247394958868683,-0.4907857516168465,0.90929701532808,0.3632672413624331,0.6241979984876225,2.2421823788016826,0.6349193937330333,0.012510805344553955
79,Max Homa,0.5733415780006577,-1.1447961755762293,0.11866801367663783,0.658946386855938,0.5509297487765284,-1.055324770986442,-0.345297967556002,-0.2916270772456325,-1.0899572211071769,-0.5659828405874542
80,Matthew Fitzpatrick,-0.8338583481711295,0.892661977471129,-0.5722300190981067,0.8746918475194772,0.6889495744078694,0.7200646262865441,-1.4319857536708331,-1.1191502868546133,-0.369879171725707,-0.10615455792355036
81,C.T. Pan,-0.9351767428554956,0.5417771766133056,-0.1880792456880827,-0.25046169416885355,0.04001425389560046,0.17842040338970092,-0.5228613313002554,-0.9654308051935018,0.5836034867656178,-0.4473174773193499
82,Sam Burns,1.5414951272068498,-0.9742002502972885,1.0159754172388578,0.7982251019678431,-0.7178840868519374,-1.3777320465202771,0.6206467312127356,-1.3036136648479462,-1.61139304996962,-1.6043047691833656
83,Johnson Wagner,-1.48679911391484,1.0264246916102986,1.2481859593747677,-0.6409882875218421,-0.31351021175660565,-1.265964191001881,0.6845695421606642,1.4454030655249233,-1.3829544963727396,0.41300640637440567
84,Scott Brown,-0.5974487605742667,0.48361947481366696,0.30787660356515706,0.48416525416648865,-0.19970439062199138,-0.9736482611845371,0.10216170907951311,-0.5401402392644286,-0.3798112827516575,0.14600933902117097
85,Matt Jones,-0.02331119069618136,-0.014598170603241879,0.4827512093712127,0.852844205933296,-0.9600241318192019,1.3906717593969211,0.9438120532272755,-0.23526326730322542,0.553807153687764,-0.7736472263066361
86,Ryan Armour,-2.0159062861554307,2.2109032182629496,0.24480707360231732,-0.3050807981343065,-0.22391839511871783,0.5567116066827342,0.25841746917446023,-1.7058463085278537,0.7640368370704005,0.7541693257702052
87,Si Woo Kim,-0.1696599830180485,-0.1289749841425329,0.2190059022538829,0.008979049667047956,-1.0302447448597085,1.6915852165618341,-0.5619252713239908,-0.36592482671516935,1.520532626880358,-1.0406442936598708
88,Phil Mickelson,1.4739495307506014,-2.2148978886895905,-0.49769330186929595,-0.40612614047039447,-0.15369778207821114,0.4492425148381225,1.117824149696642,0.26944903081742244,0.23597960085732317,-0.3731516252767844
89,Keith Mitchell,1.1362215484693725,-0.4023161826008363,-0.4174229910075,1.8496428533028122,-0.24328959871609898,-0.6211496399342105,1.3770666607632531,0.5282101582802942,0.07209976892912631,1.4068288237447784
90,Nick Watney,0.6971751715037775,-0.4081319527808004,-0.34575307059518207,-0.029254323108769104,0.13202747098316098,0.19131669441105434,1.6114503009056662,0.5025902446701086,-0.2589705986025838,0.08667665738711948
91,Kiradech Aphibarnrat,-0.12462958538054747,0.22190981671529048,1.4058597842818672,-0.001944771126042625,-1.381347810062242,0.6082967707681479,-2.0321499231264086,-1.6417965245023907,0.28067410047410335,-0.3583184548682717
92,Sam Ryder,0.05549200516943743,0.23741853719519393,1.0876453376511757,0.006248094468775305,0.6962137757568873,-1.1885864448737606,0.6668132057862398,-0.3787347835202612,2.0055507153143135,-0.46215064772786263
93,J.J. Spaun,-0.3497815735680334,0.34404099049453324,-0.08774135711083768,-0.20676641099649118,0.4129099231451878,-0.12249305377521198,1.036145002374289,0.4667223656158492,-0.5503125220304884,0.012510805344553955
94,Martin Kaymer,-0.25972077829303775,-0.27243064858164184,-0.09634174756031581,-0.5836382283581165,0.9262468184757886,0.35466971401486413,-1.3361015372489378,-1.987665358239891,1.8284280686848484,-0.38798479568529776
95,Adam Schenk,0.6521447738662765,-0.3228339901413301,0.91277073184512,-0.08933533747076734,0.4225955249438784,-1.2487691363067432,0.8692354404546913,0.028621842881682298,-0.4062969121541949,-0.4918169885448887
96,Brian Stuard,-2.072194283202302,1.6642208213463425,0.5687551138659942,-0.8021146442199283,0.5436655474275107,1.0510694291679483,-1.4035756154717531,-1.500886999646373,0.7243083929665949,-0.506650158953402
97,Mackenzie Hughes,0.3819623880412959,-0.9994019210771313,-0.26548275973338603,-0.417049961263485,-0.17791178657493756,0.315980840950804,-0.4411821839778974,0.17465535045973793,-1.0502287770033711,-0.07648821710652427
98,Corey Conners,0.25812879453817605,0.8345042756714903,-2.068697957307304,1.7267498693805434,1.5679179376390395,-0.5910582942177193,1.671821844578713,2.2447443701627003,0.08203187995507799,0.5761712808680488
99,Cameron Smith,0.010461607531942809,-0.6737187909991521,0.5171527711691253,-0.9768957769093778,0.3475321110040264,0.939301573649552,-0.6293993495468063,-0.5401402392644286,1.341754628413235,-0.610482351812993
100,Trey Mullinax,1.7328743171662115,-2.148985826649999,-1.1771241473780696,0.9702752794590199,0.4225955249438784,-1.2272753179378209,2.3643189631813017,0.7434174326058488,-0.712537002121027,0.5761712808680488
101,Luke List,2.2844966882255493,-1.625566510453247,-0.7385042344546842,1.4864258119325502,-0.09316277083639501,-0.01502396193060024,-0.01503011099169348,1.2276337998383489,-0.6248033547251236,1.080499074757492
102,Kevin Na,-0.3385239741586629,0.25486584773508636,0.2534074640517955,-0.7529574506510206,0.19498388267464975,1.304696485921232,0.1554307182027911,-1.265183794432669,1.0686215751995742,-0.3583184548682717
103,Danny Willett,-0.012053591286804504,-0.49730709554024727,-0.42315658464048544,-0.2641164701602168,0.8705546081333178,0.6770769895486993,0.07730283815532006,1.6093705126301088,0.37171845154532435,1.3326629717022134
104,Ryan Moore,-1.4079959180492212,2.274876690242552,0.43401566349083665,0.030826691253229135,1.115116053550255,0.09244512991401149,-0.746591169618018,0.4282924952005718,-1.293565497139178,-0.06165504669801091
105,Carlos Ortiz,0.7309479697318952,-0.0882645928827853,0.09573363914469611,0.5633629549163954,-0.3159316122062783,-0.31163865542172864,0.11991804545394247,1.3275514629180714,-0.45761281912161034,-0.6549818630385318
106,Pat Perez,-0.890146345218001,0.4564792139738353,1.3915258001994035,-1.5203558613656345,-0.015677956446870357,1.1714348120339133,-0.66491202229566,-1.4522091637870218,-0.06363908175887488,0.5613381104595361
107,Cameron Champ,2.610967071097408,-1.5519000881737035,0.3279441812806061,1.7759070629494507,-0.8631681138322961,-2.8178178772380744,1.5901426972563601,1.4863949273012187,-2.5830845786751886,2.756647330919463
108,Dominic Bozzelli,0.12303760162568578,-0.56128056751985,1.8932152430856288,-1.1025197160299194,-1.7009726694190312,-0.3288337101168665,1.1817469606445754,-1.4189032760937803,0.7805903554469862,-1.811969154902548
109,Shawn Stefani,-0.02331119069618136,-0.25110615792177426,-0.33715268014570393,-1.2417984311418246,0.6889495744078694,0.058055020523735734,-0.1357731983377819,1.1533360503688121,0.2955722670130309,0.9618337114893878
110,Harris English,0.6746599726850238,-0.23947461756184735,1.5348656410240393,-0.30781175333257915,-1.3886120114112601,0.5653091340303031,-0.7572449714426686,1.3070555320299235,0.17307623102629782,-1.7378033028599829
111,SebastiÃ¡n MuÃ±oz,0.3819623880412959,-0.5477104370999342,-0.4546913496219053,-0.2613855149619441,-0.19728299017231873,1.304696485921232,1.0610038732984821,0.16696937637668208,-0.4360932452320488,-0.9664784416173059
112,Jimmy Walker,0.6071143762287818,-1.3813041628947629,-0.26834955654987874,-0.6218716011339336,0.0036932471505108054,1.4422569234823348,0.5886853257387687,-0.3941067316863729,1.912851012405434,0.27950787269778865
113,Patrick Rodgers,0.6071143762287818,-1.228155548155712,1.1507148676140153,0.22472451033058713,-0.2457109991657716,0.23000556747511455,-1.4497420900452576,0.5025902446701086,-0.5503125220304884,-0.9516452712087926
114,Brian Gay,-2.184770277296045,1.6816681318862323,1.2911879116221583,-0.7829979578320198,-1.0520373489067625,0.28159073156052816,-1.7942150157091086,-0.8450172112256317,-0.24407243206365747,-1.0406442936598708
115,Russell Henley,-0.7888279505336347,1.4025111632479648,-1.2774620359553146,0.20833877914095122,0.36448191415173486,-0.2471572003149616,-0.451835985802553,-0.9577448311104477,-1.472343495606301,1.080499074757492
116,Roger Sloan,0.1905831980819341,-0.3034480895414501,-0.030405420780983367,-0.417049961263485,-0.025363558245560944,-0.48358920237310743,0.11991804545394247,-0.47609045523896554,0.9875093351543051,0.36850689514886686
117,Kramer Hickok,-0.5299031641180247,1.3404762813283508,-1.9368253037486394,0.6889868940369371,-0.6670346774088118,1.0166793197776725,-0.20679854383548424,-0.28137911180155867,-1.0187770920878592,0.45750591759994513
118,Kyoung-Hoon Lee,-0.8226007487617526,0.818995555191587,-0.3199518992467476,0.4677795229768527,-0.11253397443377616,-0.48358920237310743,1.1817469606445754,-0.5760081183186879,0.3783398588959584,1.4958278461958565
119,Chase Wright,0.4382503850881673,0.13467326401583118,1.3399234575025345,-0.1903806798068553,-0.652506274710776,-1.2272753179378209,-0.19614474201082863,0.23358115176316488,-0.24407243206365747,-0.26931943241719347
120,Cameron Davis,1.5414951272068498,-1.0963314240765298,-1.3061300041202417,0.287536479890858,0.24341189166810265,-0.35462629215957336,-0.48024612400163796,2.1063968366677006,-0.4675449301475609,1.0359995635319525
121,Sepp Straka,0.9898727561475054,-0.11152767360264047,-0.11067573164277941,0.6698702076490286,0.7543273865490308,-1.2573666636543122,0.8692354404546913,0.9099468710720521,-1.9739151024168422,1.51066101660437
122,Adam Svensson,-0.6762519564398919,0.31302354953472494,-1.8250202279054233,0.15918158557204357,0.9359324202744792,1.2531113218358183,0.24421240007491776,0.7536653980499226,-0.5387250591668785,2.0446551513108386
123,Stephan Jaeger,-0.04582638951492867,-0.6601486605792363,-0.5980311904465411,-0.8785813897715625,-0.543543254475507,1.781859253711308,-0.9596672061111199,-0.09435374244720579,0.7557600778821082,-0.38798479568529776
124,Charley Hoffman,0.1905831980819341,-0.8152358653782749,-0.4174229910075,0.6316368348732116,0.8875044112810262,-0.9220630970991234,0.7413898185588291,-0.4658424897948917,-2.0202649538712816,-0.1951535803746286
125,Richy Werenski,-0.3272663747492861,-0.10183472330270117,-0.07914096666135953,-0.001944771126042625,-0.6573490756101213,-0.8145940052545116,-0.6507069531961175,-0.23526326730322542,-0.9194559818283459,-0.9516452712087926
126,Brian Harman,-0.7325399534867633,0.892661977471129,0.24767387041881003,0.5906725068991219,-1.0011879394636367,0.5782054250516566,-1.542075039192271,-0.9474968656663738,1.5122558676920659,-1.2483086793790534
127,Josh Teater,-0.4398423688430291,0.07651556221619259,-0.4489577559889199,-0.35150703650494153,0.7034779771059052,-0.8876729877088476,-0.11446559468847574,1.647800383045386,-2.7568965216293373,-0.4176511365023238
128,Brice Garnett,-0.8676311463992535,1.6797295418262461,-0.2511487756509225,0.4022365982183092,-0.7372552904493185,-0.9177643334253389,0.03468763085669765,0.6563097263312201,-0.9989128700359557,-1.4114735538726964
129,Jonathan Byrd,-1.4079959180492212,-0.6058681388995741,-0.7385042344546842,-1.8125680675808078,-0.2214969946690452,1.0381731381465948,-1.7729074120597972,0.7741613289380721,-1.1313410170486404,0.3091742135148147
130,Roberto DÃ­az,-0.9126615440367483,1.0147931512503703,0.13873559139208685,0.15918158557204357,-0.979395335416583,-0.11389552642764304,-0.8318215842152578,-0.38898274896433505,-0.06363908175887488,0.3833400655573796
131,Adam Long,-0.15840238360867165,0.5883033380530159,-0.890444465728798,0.16464349596858888,0.13444887143283363,-0.5996558215652882,-0.5299638658500241,0.20796123815297932,-0.14806202547946062,0.4871722584169712
132,Alex Prugh,1.0236455543756295,0.3188393197146891,-1.3519987531841253,1.1368635465536514,0.11265626738577982,-0.8962705150564165,1.4125793335121068,2.088462897140571,-0.6413568731017094,0.3388405543318408
133,Bronson Burgoon,-0.04582638951492867,0.6988029714723317,-0.8245081389494656,-0.1439544414362203,-0.32803861445464155,-0.1740782178606256,0.8195176986063001,-0.757909504951003,0.02740526931234493,0.5613381104595361
134,Hudson Swafford,0.14555280044443308,-0.89665664789777,-0.14507729344069198,-0.2613855149619441,0.15139867458054213,-1.1327025171145624,-0.07185038738985333,0.4103585556734421,0.7044441709146927,-1.8564686661280874
135,Roberto Castro,-1.261647125727354,0.7181888720722104,-0.9305796211596961,-1.1544078647971,0.8366550018379008,0.10534142093536492,0.3578529528712425,-1.5316308959785945,-0.7290905204976128,0.7690024961787186
136,Beau Hossler,0.370704788631919,-0.5574033873998748,1.8244121194898035,-0.12483775504831175,-1.7736146829092108,-0.5824607668701502,0.23355859825026218,0.09267162690714527,0.1151389167082483,-0.47698381813637597
137,Austin Cook,-0.7100247546680096,1.3327219210883978,-0.6955022822072934,0.16191254077031622,-0.502379446831072,-1.3691345191727082,-0.5938866767979577,-1.5162589478124846,-0.06363908175887488,0.11634299820414555
138,Ryan Blaum,-0.6762519564398919,0.10947159323598844,0.5028187870866617,-0.32692843972048763,-0.8316899079865516,-0.3933151652236336,-0.4944511931011754,-1.19344803632415,0.06713371341615047,-0.43248430691083656
139,Ben Silverman,-0.9014039446273777,1.0341790518502516,0.003996141016929224,0.1837601823564974,-0.8849607178793498,-0.8919717513826321,-0.5619252713239908,-0.6810497641204463,1.6248197926528472,0.3536737247403535
140,Bill Haas,-0.4961303658899005,-0.20845717660203908,-0.41168939737451454,-0.20949736619476383,-0.8341113084362243,1.0252768471252416,-0.9951798788599685,-0.8731991161968352,0.19790650859117584,-0.8478130783492016
141,Kyle Stanley,-0.5861911611648962,1.1718189461093964,-1.2688616455058366,-0.1275687102465844,0.5291371447294748,-0.5867595305439348,0.7378385512839422,-1.311299638931002,-0.21427609898580244,0.07184348697860611
142,JuliÃ¡n Etulain,-0.25972077829303775,-1.441400454754389,-0.01607143669851979,-0.952317180124924,-0.8801179169800045,0.5395165519875963,-0.6151942804472689,-0.6118759973729473,-0.6545996878029775,-0.12098772833206306
143,Jason Dufner,-0.5636759623461489,0.892661977471129,-1.6902807775302655,0.2984603006839486,0.2022480840236677,0.45784004218569146,0.26552000372422896,1.709288175709831,0.1945958049158594,2.1188210033534034
144,Patton Kizzire,0.06674960457881429,-0.22008871696196736,1.305521895704622,-1.3510366390727304,-0.5871284625696146,-0.3761201105284957,-1.5846902464908934,-0.0764198029200761,0.009196399098100968,-1.5746384283663395
145,Scott Langley,-2.62381665426164,1.2280380578490488,0.872635576414222,-1.8835729027358967,-1.369240807813879,0.6770769895486993,-2.5044684706861218,-1.8262599024957256,0.3237132482532265,-1.8268023253110612
146,Alex Noren,0.8210087650068909,-0.15999242510233977,-1.1341221951306788,0.044481467244592385,-1.0762513534034888,1.0338743744728105,-0.9170519988124975,-0.3915447403253549,-1.2455602938470802,-0.03198870588098483
147,Wes Roach,-0.2709783777024146,0.5960576982929691,-0.04473940486344694,-0.021061457513951155,-0.7856832994427715,0.6297905891370703,-0.7856551096417534,-0.28137911180155867,-1.7189909194174255,-0.9219789303917665
148,Jim Knous,0.29190159276630023,-1.3716112125948223,-0.770038999436104,-0.021061457513951155,0.13202747098316098,-1.2874580093708035,0.36495548742101125,1.898875536425202,-1.477309551119277,0.9618337114893878
149,Robert Streb,-0.5299031641180247,-0.25886051816172595,-0.5607628318321357,-0.5836382283581165,-0.04231336139326946,0.23000556747511455,-0.057645318290310846,0.3130028839547377,-0.42947183788141474,-0.6994813742640712
150,Sam Saunders,0.4720231833162915,-1.084699883716603,-0.3285522896962258,-0.28596411174639796,-0.13432657848082996,-1.184287681199976,0.18384085640187103,-1.2600598117106327,-0.28711157984277946,-0.38798479568529776
151,Peter Uihlein,0.3819623880412959,-2.2207136588695544,0.71209495469063,-1.3073413559003682,-0.48785104413303615,0.5438153156613809,1.167541891545033,0.7331694671617749,0.7011334672393751,0.2201751910637365
152,Chesson Hadley,0.3819623880412959,-0.7047362319589604,0.4856180061877054,-1.0997887608316468,0.4080671222458425,-1.1541963354834848,-0.6755658241203156,-0.13534560422350303,0.2260474898313715,-0.1951535803746286
153,Kelly Kraft,-0.6537367576211381,-0.37517592176100456,-0.27408315018286417,-1.184448371978099,-0.5580716571735428,-1.1885864448737606,-2.0037397849273284,-1.5828707231989656,-0.2506938394142915,-0.610482351812993
154,Ben Crane,-1.6331479062367071,0.6018734684729332,0.7952320623689186,-1.9573086930892583,-0.9212817246244396,-0.6254484036079949,-0.8424753860399133,-1.6494824985854466,1.2192585924265018,-1.0554774640683835
155,JosÃ© de JesÃºs RodrÃ­guez,-0.6875095558492623,-0.3984390024808611,0.3422781653630697,-0.6546430635132053,-1.1561575682426861,-0.040816543973307064,-1.247319855376811,-0.1609655178336886,0.23266889718200554,-0.5659828405874542
156,Tom Hoge,-0.5861911611648962,-0.14448370462243634,-0.48335931778683233,-0.859464703383654,0.7543273865490308,-0.8704779330137097,0.11991804545394247,-1.0397285546630404,-0.12488709975224084,0.0570103165700934
157,Scott Stallings,0.13429520103506262,-1.040112312336879,-1.2774620359553146,-0.15760921742758352,0.5339799456288201,-0.08810294438493622,1.1036190805971045,-0.35055287854905764,0.07706582444210215,0.53167176964251
158,Chris Kirk,-1.2053591286804826,-0.03592266126310946,-1.607143669851977,-0.6246025563322062,0.3233181065072999,1.0553681928417329,0.08795663997997566,-0.10972569061331748,1.396381239055967,0.8135020074042574
159,Joey Garber,-0.18091758242741895,0.1908923757554836,-0.2769499469993569,0.47870334376994333,-1.3522910046661702,-0.9994408432272438,0.2300073309753753,-0.5401402392644286,0.32205789641556715,-0.03198870588098483
160,J.B. Holmes,1.3276007384287343,-1.3347780014550512,-1.787751869291018,0.49235811976130656,0.6114647600183447,-0.6211496399342105,0.6987746112602067,0.4692843569768672,0.8567365399792797,1.673825891098013
161,David Hearn,-1.7232087015116964,1.268748449108795,-0.3342858833292112,-0.6710287947028413,-0.4103662297435115,-1.3347444097824324,-0.6613607550207732,-0.10716369925229947,-0.06363908175887488,-0.6994813742640712
162,Ernie Els,-1.0477527369492385,-0.6097453190195493,-0.02753862396449065,-1.3974628774433653,-0.9963451385642915,1.1069533569271461,1.220810900668311,-0.9884887274426692,2.543540062553342,0.07184348697860611
163,Brandon Harkins,1.0236455543756295,-1.1370418153362776,-1.68454718389728,-0.05929483028976822,-0.28929620725987926,0.010768620112106572,0.5212112475159534,0.4411024520056636,-0.06363908175887488,1.3623293125192395
164,FabiÃ¡n GÃ³mez,-0.552418362936772,1.0186703313703482,-0.6983690790237861,-0.0347162335053144,-0.9479171295708387,0.5868029523992255,0.3294428146721575,-0.757909504951003,-0.8366883899454183,0.27950787269778865
165,Branden Grace,0.3256743909944244,-1.0032791011971078,-1.7160819488787,0.17010540636513416,0.27973289841319227,0.0365612021548134,0.5602751875396889,-0.11997365605739134,-0.4013308566412191,1.124998585983031
166,Andrew Landry,-0.9576919416742492,1.794106355365537,-1.254527661423373,0.5196676717440329,0.17803407952694122,-1.6915417947065434,-0.9241545333622713,0.3411847889259413,-1.1197535541850305,0.3388405543318408
167,Stewart Cink,0.11178000221630892,-0.8036043250183466,1.0188422140553506,-1.7825275603998088,-0.6355564715630675,0.307383313603235,0.8266202331560688,1.0021785600687205,0.9974414461802555,1.4661615053788304
168,Tyler Duncan,-0.8451159475805062,1.3191517906684833,-1.899556945134234,0.2028768687444059,-0.7711548967447356,-1.1155074624194246,0.06309776905577757,-0.9065050038900766,-1.1197535541850305,0.3091742135148147
169,Chris Stroud,-0.664994357030515,-0.9489985795174445,-0.11640932527576485,-1.6978679492533566,-0.6815630801068477,-0.3288337101168665,-2.149341743197615,-0.30443703405072436,-0.15799413650541233,-0.7291477150810973
170,Brendan Steele,0.9898727561475054,1.2047749771291922,-1.343398362734647,1.3307613656310093,-0.7687334962950629,-0.9779470248583215,1.2314647024929666,0.23614314312418289,-1.9325313064753784,1.3178298012937
171,Curtis Luck,-0.6199639593930204,-1.1273488650363381,1.4201937683643306,-1.3209961318917314,-1.8486780968490626,-1.0166358979223817,-0.3488492348308889,0.49746626194807075,-0.4907198558747807,0.4723390880084578
172,Anders Albertson,-0.3047511759305388,-0.4023161826008363,-1.0939870396997808,-0.8785813897715625,0.2313048894197394,-0.6555397493244862,0.4608397038429066,-0.204519370971002,0.1383138424354681,1.673825891098013
173,Sangmoon Bae,0.03297680635069012,-0.25110615792177426,0.5544211297835306,-0.29688793253948853,-1.3087057965720628,-1.7431269587919571,-1.6379592556141664,0.39242461614631236,0.16645482367566375,2.2078200258044824
174,Hunter Mahan,-0.012053591286804504,0.5766717976930904,0.1502027786580577,0.6043272828904851,-1.4685182262504575,-2.2245884902558175,1.089414011497562,0.03118383424270031,-0.7688189646014171,-0.28415260282570615
175,Ollie Schniederjans,1.6653287207099632,-2.844939658185681,0.21327230862089747,-0.8103075098147463,-0.9479171295708387,-0.09670047173250518,0.006277492657617726,-0.10972569061331748,-0.06363908175887488,-1.4559730650982357
176,Anirban Lahiri,-0.5186455647086479,-0.5108772259601632,0.09573363914469611,-1.424772429426092,-0.8873821183290225,-0.9607519701631836,-2.2239183559702043,-0.6528678591492427,0.9097077987843533,-0.4028179660938105
177,Brady Schnell,-1.3517079210023497,1.0109159711303952,0.27634183858373723,-1.2254126999521888,-0.8389541093355696,-0.6555397493244862,-1.616651651964855,-0.47865244659998357,0.3303346556038606,-0.9219789303917665
178,Lucas Bjerregaard,1.789162314213083,-0.8229902256182265,-1.0853866492503026,0.2984603006839486,-0.6985128832545563,-1.7259319040968193,0.9082993804784268,-0.6759257813984103,-0.614871243699172,1.599660039055448
179,Martin Piller,-1.3066775233648487,-0.7822798343584789,1.5635336091889662,-1.7497560980205369,-2.594469435348237,0.06235378419752021,-0.4411821839778974,-0.17377547463878046,0.08699793546805266,0.4871722584169712
180,Seth Reeves,1.969283904763068,-1.0265421819169631,-0.9735815734070868,1.093168263381289,-2.7155394578318695,-1.7001393220541126,-0.12867066378801317,0.38473864206325653,-1.7189909194174255,0.7690024961787186
181,Freddie Jacobson,-1.1941015292711057,-0.390684642240908,0.1702703563735067,-1.8699181267445335,-0.5968140643683052,-1.2573666636543122,-1.5527288410169267,-1.8313838852177617,-1.568353902190498,-0.29898577323421954
182,Jim Herman,-0.7437975528961338,1.421897063847846,-1.1627901632956061,0.3558103598476742,-0.8098973039394979,-1.9451688514598273,-1.2047046480781887,-1.1165882954935953,-1.5782860132164485,-0.1951535803746286
183,Cody Gribble,0.10052240280693846,-1.530575597513836,-0.4346237719064563,-1.0588244328575573,-1.2021641767864664,-0.9693494975107526,-1.5633826428415822,-0.7143556518136878,-1.490552365820545,-1.3373077018301316
184,J.J. Henry,-0.8338583481711295,0.28200610857491804,-1.6128772634849624,-0.6191406459356609,-0.7299910891003005,-1.218677790590252,-0.5015537276509441,0.4359784692836276,-1.6296019201838639,-0.1951535803746286
185,John Senden,-1.1828439298617353,-0.14254511456244875,-0.8015737644175239,-1.06155538805583,-0.03989196094359681,-0.560966948501228,-0.4553872530774399,2.1781325947762196,0.442898580564642,2.356151729889612
186,Seamus Power,-0.05708398892430553,-1.1099015544964457,0.25054066723530277,-0.7283788538665668,-2.284530177790139,0.4363462238167691,-0.7821038423668666,-1.5265069132565585,1.2341567589654294,1.1694980972085702
187,Martin Trainer,1.079933551422501,-2.3215203419889283,-0.2769499469993569,-0.14941635183276558,-3.2070837491154167,0.14403029399942513,0.02758509630692893,-0.9628688138324837,0.3816505625712749,-0.4176511365023238
188,Alex Cejka,-1.9145878914710643,0.8383814557914655,-1.756217104309598,-0.34331417091012356,-0.035049160044251515,-1.4379147379532597,-2.9732357509709533,-0.6656778159543364,-1.5882181242424,-0.017155535472472123
189,Kyle Jones,-1.329192722183596,1.1427400952095785,-0.5292280668507159,-0.4416285580479388,-1.3934548123106054,-0.18267574520819455,-1.0200387497841668,-0.9961747015257251,-1.3233618302170318,0.16084250942968434
190,Rod Pampling,-0.8226007487617526,0.23354135707521875,-2.776796770981005,-0.5126333932030277,-1.2505921857799194,1.1843311030552666,-1.4000243481968664,-0.9782407619985954,-0.5602446330564401,1.050832733940466
191,Grayson Murray,1.8116775130318303,-2.284687130849157,-1.8737557737857995,0.03901955684804709,-1.6646516626739416,-1.1413000444621313,0.2832763400986533,-0.6426198937051689,-1.1131321468343967,0.9470005410808744
192,"Ted Potter, Jr.",-1.7682390991491974,0.11916454353592774,-1.033784306553434,-0.8785813897715625,-0.6646132769591392,-1.7947121228773708,-1.0484488879832465,1.2660636702536263,-1.3366046449183,1.1694980972085702
193,Chris Thompson,-0.4285847694336522,-1.7399433239925366,-1.4724042194768192,-0.8321551514009274,-0.611342467066341,-0.34602876481200445,0.30103267647307763,0.0977956096291831,-0.32187396843360916,1.2436639492511352
194,Whee Kim,-1.2278743274992299,-0.37323733170101697,-0.0361390144139688,-3.448410231346124,-0.6210280688650316,-0.8532828783185717,-0.2032472765606024,-1.5188209391735026,-1.1363070725616151,1.2733302900681613
195,John Chin,0.4044775868600432,-0.9470599894574568,-0.9535139956916378,-0.9495862249266512,-2.475820813314278,-2.4137340919023345,1.0396962696491707,0.046555782408812,-1.5369022172749847,2.4303175819321767
196,Satoshi Kodaira,-1.2954199239554782,1.0303018717302737,-1.3835335181655453,-1.2035650583660076,-1.102886758349888,-2.112820634737422,-1.2295635190023868,-1.4470851810649838,-1.7189909194174255,1.866657106408682
197,Michael Kim,-1.7907542979679447,-1.6643383116530057,-0.5406952541166867,-4.35235640197437,-1.2651205884779553,0.7630522630243889,-0.8957443951631863,-2.0824590385975776,-0.14144061812882658,0.027343975753067323
